{
    "roc_auc": 0.6520947176684881,
    "average_precision": 0.6194647250294751,
    "optimal_threshold": 0.17065463922917842,
    "accuracy": 0.6220472440944882,
    "precision": 0.5643564356435643,
    "recall": 0.9344262295081968,
    "specificity": 0.3333333333333333,
    "f1_score": 0.7037037037037037,
    "confusion_matrix": {
        "tn": 66,
        "fp": 132,
        "fn": 12,
        "tp": 171
    }
}