{
    "roc_auc": 0.8762764254567533,
    "average_precision": 0.7819955223254615,
    "optimal_threshold": 0.1201918358914554,
    "accuracy": 0.8766404199475065,
    "precision": 0.7982456140350878,
    "recall": 0.994535519125683,
    "specificity": 0.7676767676767676,
    "f1_score": 0.8856447688564477,
    "confusion_matrix": {
        "tn": 152,
        "fp": 46,
        "fn": 1,
        "tp": 182
    }
}